layer,score,score_error,architecture,task,kind,source
c2,0.18475471524735015,0.004845209239443792,AtlasNet,seed_0,ksize_26,pcs_1000
c2,0.1802134322271187,0.004511500533477,AtlasNet,seed_0,ksize_30,pcs_1000
