layer,score,score_error,architecture,task,kind,source
c2,0.18838859713653633,0.004255445758421849,AtlasNet,seed_0,ksize_1,pcs_1000
c2,0.18730021997341545,0.004352177981511943,AtlasNet,seed_0,ksize_3,pcs_1000
c2,0.18734050046684755,0.004296491886747156,AtlasNet,seed_0,ksize_5,pcs_1000
c2,0.1888358857368501,0.0042396794969874795,AtlasNet,seed_0,ksize_9,pcs_1000
c2,0.19196174187619933,0.0037727496613088815,AtlasNet,seed_0,ksize_12,pcs_1000
c2,0.19431955343080906,0.004532459483939056,AtlasNet,seed_0,ksize_15,pcs_1000
c2,0.19121744490488018,0.004215551808797985,AtlasNet,seed_0,ksize_22,pcs_1000
c2,0.1782086255357048,0.004524768038582768,AtlasNet,seed_0,ksize_31,pcs_1000
